sample,mutation,total_reads,alt_reads,chrom, start,end,purity
sample1,mut1,100,67,chr1,57,57,0.8
sample1,mut2,100,67,chr1,110,110,0.8
sample1,mut3,100,67,chr1,167,167,0.8
sample1,mut4,100,40.0,chr1,386,386,0.8
sample1,mut5,100,40.0,chr1,441,441,0.8
sample1,mut6,100,40.0,chr1,1276,1276,0.8
sample1,mut7,100,40.0,chr1,1496,1496,0.8
sample1,mut8,100,40.0,chr1,1631,1631,0.8
sample1,mut9,100,40.0,chr1,1735,1735,0.8
sample1,mut10,100,40.0,chr1,2036,2036,0.8
sample1,mut11,100,40.0,chr1,2428,2428,0.8
sample1,mut12,100,40.0,chr1,2650,2650,0.8
sample1,mut13,100,40.0,chr1,2684,2684,0.8
sample1,mut14,100,40.0,chr1,2730,2730,0.8
sample1,mut15,100,40.0,chr1,2857,2857,0.8
sample1,mut16,100,40.0,chr1,2931,2931,0.8
sample1,mut17,100,40.0,chr1,2977,2977,0.8
sample1,mut18,100,40.0,chr1,3061,3061,0.8
sample1,mut19,100,40.0,chr1,3113,3113,0.8
sample1,mut20,100,40.0,chr1,3173,3173,0.8
sample1,mut21,100,40.0,chr1,3371,3371,0.8
sample1,mut22,100,40.0,chr1,3812,3812,0.8
sample1,mut23,100,40.0,chr1,4278,4278,0.8
sample1,mut24,100,40.0,chr1,4428,4428,0.8
sample1,mut25,100,40.0,chr1,4696,4696,0.8
sample1,mut26,100,40.0,chr1,4893,4893,0.8
sample1,mut27,100,40.0,chr1,5277,5277,0.8
sample1,mut28,100,40.0,chr1,5563,5563,0.8
sample1,mut29,100,40.0,chr1,5597,5597,0.8
sample1,mut30,100,40.0,chr1,5815,5815,0.8
sample1,mut31,100,40.0,chr1,6037,6037,0.8
sample1,mut32,100,40.0,chr1,6113,6113,0.8
sample1,mut33,100,40.0,chr1,6145,6145,0.8
sample1,mut34,100,40.0,chr1,6753,6753,0.8
sample1,mut35,100,40.0,chr1,6792,6792,0.8
sample1,mut36,100,40.0,chr1,6808,6808,0.8
sample1,mut37,100,40.0,chr1,6826,6826,0.8
sample1,mut38,100,40.0,chr1,7094,7094,0.8
sample1,mut39,100,40.0,chr1,7148,7148,0.8
sample1,mut40,100,40.0,chr1,7518,7518,0.8
sample1,mut41,100,40.0,chr1,8257,8257,0.8
sample1,mut42,100,40.0,chr1,8368,8368,0.8
sample1,mut43,100,40.0,chr1,8579,8579,0.8
sample1,mut44,100,40.0,chr1,8701,8701,0.8
sample1,mut45,100,40.0,chr1,9064,9064,0.8
sample1,mut46,100,40.0,chr1,9210,9210,0.8
sample1,mut47,100,40.0,chr1,9274,9274,0.8
sample1,mut48,100,40.0,chr1,9472,9472,0.8
sample1,mut49,100,40.0,chr1,9505,9505,0.8
sample1,mut50,100,40.0,chr1,9586,9586,0.8
sample2,mut1,100,62,chr1,57,57,0.7
sample2,mut2,100,62,chr1,110,110,0.7
sample2,mut51,100,6,chr1,154,154,0.7
sample2,mut3,100,62,chr1,167,167,0.7
sample2,mut4,100,35.0,chr1,386,386,0.7
sample2,mut5,100,35.0,chr1,441,441,0.7
sample2,mut52,100,10.0,chr1,660,660,0.7
sample2,mut53,100,10.0,chr1,681,681,0.7
sample2,mut6,100,35.0,chr1,1276,1276,0.7
sample2,mut7,100,35.0,chr1,1496,1496,0.7
sample2,mut8,100,35.0,chr1,1631,1631,0.7
sample2,mut9,100,35.0,chr1,1735,1735,0.7
sample2,mut54,100,10.0,chr1,1963,1963,0.7
sample2,mut10,100,35.0,chr1,2036,2036,0.7
sample2,mut55,100,10.0,chr1,2128,2128,0.7
sample2,mut11,100,35.0,chr1,2428,2428,0.7
sample2,mut56,100,10.0,chr1,2463,2463,0.7
sample2,mut12,100,35.0,chr1,2650,2650,0.7
sample2,mut13,100,35.0,chr1,2684,2684,0.7
sample2,mut57,100,10.0,chr1,2690,2690,0.7
sample2,mut14,100,35.0,chr1,2730,2730,0.7
sample2,mut15,100,35.0,chr1,2857,2857,0.7
sample2,mut16,100,35.0,chr1,2931,2931,0.7
sample2,mut17,100,35.0,chr1,2977,2977,0.7
sample2,mut58,100,10.0,chr1,3045,3045,0.7
sample2,mut18,100,35.0,chr1,3061,3061,0.7
sample2,mut19,100,35.0,chr1,3113,3113,0.7
sample2,mut20,100,35.0,chr1,3173,3173,0.7
sample2,mut21,100,35.0,chr1,3371,3371,0.7
sample2,mut59,100,10.0,chr1,3546,3546,0.7
sample2,mut60,100,10.0,chr1,3754,3754,0.7
sample2,mut61,100,10.0,chr1,3807,3807,0.7
sample2,mut22,100,35.0,chr1,3812,3812,0.7
sample2,mut62,100,10.0,chr1,4223,4223,0.7
sample2,mut23,100,35.0,chr1,4278,4278,0.7
sample2,mut24,100,35.0,chr1,4428,4428,0.7
sample2,mut25,100,35.0,chr1,4696,4696,0.7
sample2,mut26,100,35.0,chr1,4893,4893,0.7
sample2,mut63,100,10.0,chr1,4937,4937,0.7
sample2,mut27,100,35.0,chr1,5277,5277,0.7
sample2,mut64,100,10.0,chr1,5405,5405,0.7
sample2,mut28,100,35.0,chr1,5563,5563,0.7
sample2,mut29,100,35.0,chr1,5597,5597,0.7
sample2,mut30,100,35.0,chr1,5815,5815,0.7
sample2,mut31,100,35.0,chr1,6037,6037,0.7
sample2,mut32,100,35.0,chr1,6113,6113,0.7
sample2,mut33,100,35.0,chr1,6145,6145,0.7
sample2,mut34,100,35.0,chr1,6753,6753,0.7
sample2,mut35,100,35.0,chr1,6792,6792,0.7
sample2,mut36,100,35.0,chr1,6808,6808,0.7
sample2,mut37,100,35.0,chr1,6826,6826,0.7
sample2,mut38,100,35.0,chr1,7094,7094,0.7
sample2,mut65,100,10.0,chr1,7106,7106,0.7
sample2,mut39,100,35.0,chr1,7148,7148,0.7
sample2,mut40,100,35.0,chr1,7518,7518,0.7
sample2,mut66,100,10.0,chr1,8180,8180,0.7
sample2,mut41,100,35.0,chr1,8257,8257,0.7
sample2,mut42,100,35.0,chr1,8368,8368,0.7
sample2,mut67,100,10.0,chr1,8491,8491,0.7
sample2,mut43,100,35.0,chr1,8579,8579,0.7
sample2,mut44,100,35.0,chr1,8701,8701,0.7
sample2,mut45,100,35.0,chr1,9064,9064,0.7
sample2,mut68,100,10.0,chr1,9095,9095,0.7
sample2,mut46,100,35.0,chr1,9210,9210,0.7
sample2,mut47,100,35.0,chr1,9274,9274,0.7
sample2,mut48,100,35.0,chr1,9472,9472,0.7
sample2,mut49,100,35.0,chr1,9505,9505,0.7
sample2,mut50,100,35.0,chr1,9586,9586,0.7
sample2,mut69,100,10.0,chr1,9644,9644,0.7
sample2,mut70,100,10.0,chr1,9765,9765,0.7
sample3,mut1,100,62,chr1,57,57,0.7
sample3,mut2,100,62,chr1,110,110,0.7
sample3,mut3,100,62,chr1,167,167,0.7
sample3,mut4,100,35.0,chr1,386,386,0.7
sample3,mut5,100,50,chr1,441,441,0.7
sample3,mut6,100,50,chr1,1276,1276,0.7
sample3,mut7,100,50,chr1,1496,1496,0.7
sample3,mut8,100,35.0,chr1,1631,1631,0.7
sample3,mut9,100,35.0,chr1,1735,1735,0.7
sample3,mut10,100,35.0,chr1,2036,2036,0.7
sample3,mut11,100,35.0,chr1,2428,2428,0.7
sample3,mut12,100,35.0,chr1,2650,2650,0.7
sample3,mut13,100,35.0,chr1,2684,2684,0.7
sample3,mut14,100,35.0,chr1,2730,2730,0.7
sample3,mut15,100,35.0,chr1,2857,2857,0.7
sample3,mut16,100,35.0,chr1,2931,2931,0.7
sample3,mut17,100,35.0,chr1,2977,2977,0.7
sample3,mut18,100,35.0,chr1,3061,3061,0.7
sample3,mut19,100,35.0,chr1,3113,3113,0.7
sample3,mut20,100,35.0,chr1,3173,3173,0.7
sample3,mut21,100,35.0,chr1,3371,3371,0.7
sample3,mut22,100,35.0,chr1,3812,3812,0.7
sample3,mut23,100,35.0,chr1,4278,4278,0.7
sample3,mut24,100,35.0,chr1,4428,4428,0.7
sample3,mut25,100,35.0,chr1,4696,4696,0.7
sample3,mut26,100,35.0,chr1,4893,4893,0.7
sample3,mut27,100,35.0,chr1,5277,5277,0.7
sample3,mut28,100,35.0,chr1,5563,5563,0.7
sample3,mut29,100,35.0,chr1,5597,5597,0.7
sample3,mut30,100,35.0,chr1,5815,5815,0.7
sample3,mut31,100,35.0,chr1,6037,6037,0.7
sample3,mut32,100,35.0,chr1,6113,6113,0.7
sample3,mut33,100,35.0,chr1,6145,6145,0.7
sample3,mut34,100,35.0,chr1,6753,6753,0.7
sample3,mut35,100,35.0,chr1,6792,6792,0.7
sample3,mut36,100,35.0,chr1,6808,6808,0.7
sample3,mut37,100,35.0,chr1,6826,6826,0.7
sample3,mut38,100,27,chr1,7094,7094,0.7
sample3,mut39,100,27,chr1,7148,7148,0.7
sample3,mut40,100,35.0,chr1,7518,7518,0.7
sample3,mut41,100,35.0,chr1,8257,8257,0.7
sample3,mut42,100,35.0,chr1,8368,8368,0.7
sample3,mut43,100,35.0,chr1,8579,8579,0.7
sample3,mut44,100,35.0,chr1,8701,8701,0.7
sample3,mut45,100,35.0,chr1,9064,9064,0.7
sample3,mut46,100,35.0,chr1,9210,9210,0.7
sample3,mut47,100,35.0,chr1,9274,9274,0.7
sample3,mut48,100,35.0,chr1,9472,9472,0.7
sample3,mut49,100,35.0,chr1,9505,9505,0.7
sample3,mut50,100,35.0,chr1,9586,9586,0.7
sample3,mut71,100,30.0,chr1,8716,8716,0.7
sample3,mut72,100,30.0,chr1,9104,9104,0.7
sample3,mut73,100,30.0,chr1,8700,8700,0.7
sample3,mut74,100,30.0,chr1,8321,8321,0.7
sample3,mut75,100,30.0,chr1,8790,8790,0.7
sample3,mut76,100,30.0,chr1,8663,8663,0.7
sample3,mut77,100,30.0,chr1,8026,8026,0.7
sample3,mut78,100,30.0,chr1,8101,8101,0.7
sample3,mut79,100,30.0,chr1,8124,8124,0.7
sample3,mut80,100,30.0,chr1,9457,9457,0.7
sample3,mut81,100,30.0,chr1,8911,8911,0.7
sample3,mut82,100,30.0,chr1,8160,8160,0.7
sample3,mut83,100,30.0,chr1,8794,8794,0.7
sample3,mut84,100,30.0,chr1,9636,9636,0.7
sample3,mut85,100,30.0,chr1,9885,9885,0.7
sample3,mut86,100,30.0,chr1,8367,8367,0.7
sample3,mut87,100,30.0,chr1,9615,9615,0.7
sample3,mut88,100,30.0,chr1,8023,8023,0.7
sample3,mut89,100,30.0,chr1,9581,9581,0.7
sample3,mut90,100,30.0,chr1,9458,9458,0.7
